기간,자치구,동,계,계,종합병원,종합병원,병원,병원,의원,의원,부속병의원,요양병원,요양병원,노인전문병원,노인전문병원,결핵병원,결핵병원,정신병원,정신병원,치과병원,치과병원,치과의원,치과의원,한방병원,한방병원,한방의원,한방의원,조산원,조산원
기간,자치구,동,병원수,병상수,병원수,병상수,병원수,병상수,병원수,병상수,병원수,병원수,병상수,병원수,병상수,병원수,병상수,병원수,병상수,병원수,병상수,병원수,병상수,병원수,병상수,병원수,병상수,병원수,병상수
2017,합계,합계,"17,142","86,800",57,"33,077",214,"17,740","8,176","11,042",51,108,"17,913",6,"1,186",1,435,7,"1,845",64,96,"4,786",69,43,"2,657","3,626",728,3,12
2017,종로구,소계,500,"3,387",4,"2,978",2,153,182,185,7,-,-,-,-,-,-,-,-,1,40,168,-,1,31,135,-,-,-
2017,종로구,사직동,75,23,-,-,-,-,28,23,2,-,-,-,-,-,-,-,-,-,-,29,-,-,-,16,-,-,-
2017,종로구,삼청동,11,30,-,-,1,30,3,-,1,-,-,-,-,-,-,-,-,-,-,4,-,-,-,2,-,-,-
2017,종로구,부암동,4,-,-,-,-,-,1,-,-,-,-,-,-,-,-,-,-,-,-,1,-,-,-,2,-,-,-
2017,종로구,평창동,15,132,-,-,1,123,5,9,-,-,-,-,-,-,-,-,-,-,-,5,-,-,-,4,-,-,-
2017,종로구,무악동,6,218,1,218,-,-,1,-,-,-,-,-,-,-,-,-,-,-,-,3,-,-,-,1,-,-,-
2017,종로구,교남동,13,988,2,982,-,-,6,6,-,-,-,-,-,-,-,-,-,-,-,1,-,-,-,4,-,-,-
2017,종로구,가회동,8,-,-,-,-,-,-,-,-,-,-,-,-,-,-,-,-,-,-,3,-,-,-,5,-,-,-
2017,종로구,종로1.2.3.4가동,160,131,-,-,-,-,60,100,4,-,-,-,-,-,-,-,-,-,-,64,-,1,31,31,-,-,-
2017,종로구,종로5·6가동,83,1,-,-,-,-,18,1,-,-,-,-,-,-,-,-,-,-,-,25,-,-,-,40,-,-,-
2017,종로구,이화동,13,"1,820",1,"1,778",-,-,6,2,-,-,-,-,-,-,-,-,-,1,40,4,-,-,-,1,-,-,-
2017,종로구,창신1동,34,40,-,-,-,-,20,40,-,-,-,-,-,-,-,-,-,-,-,7,-,-,-,7,-,-,-
2017,종로구,창신2동,11,-,-,-,-,-,3,-,-,-,-,-,-,-,-,-,-,-,-,3,-,-,-,5,-,-,-
2017,종로구,창신3동,1,-,-,-,-,-,1,-,-,-,-,-,-,-,-,-,-,-,-,-,-,-,-,-,-,-,-
2017,종로구,숭인1동,14,1,-,-,-,-,7,1,-,-,-,-,-,-,-,-,-,-,-,4,-,-,-,3,-,-,-
2017,종로구,숭인2동,10,3,-,-,-,-,5,3,-,-,-,-,-,-,-,-,-,-,-,3,-,-,-,2,-,-,-
2017,종로구,청운효자동,11,-,-,-,-,-,5,-,-,-,-,-,-,-,-,-,-,-,-,3,-,-,-,3,-,-,-
2017,종로구,혜화동,31,-,-,-,-,-,13,-,-,-,-,-,-,-,-,-,-,-,-,9,-,-,-,9,-,-,-
2017,중구,소계,543,"1,533",3,"1,035",3,261,220,184,14,-,-,-,-,-,-,-,-,5,-,208,-,1,53,89,-,-,-
2017,중구,소공동,65,80,-,-,-,-,16,27,7,-,-,-,-,-,-,-,-,-,-,33,-,1,53,8,-,-,-
2017,중구,회현동,64,14,-,-,-,-,28,14,1,-,-,-,-,-,-,-,-,1,-,21,-,-,-,13,-,-,-
2017,중구,명동,146,30,-,-,-,-,66,30,5,-,-,-,-,-,-,-,-,1,-,49,-,-,-,25,-,-,-
2017,중구,필동,21,285,1,285,-,-,6,-,-,-,-,-,-,-,-,-,-,-,-,12,-,-,-,2,-,-,-
2017,중구,장충동,8,-,-,-,-,-,3,-,-,-,-,-,-,-,-,-,-,-,-,4,-,-,-,1,-,-,-
2017,중구,광희동,33,466,1,466,-,-,13,-,1,-,-,-,-,-,-,-,-,1,-,14,-,-,-,3,-,-,-
2017,중구,을지로동,36,290,1,284,-,-,12,6,-,-,-,-,-,-,-,-,-,-,-,18,-,-,-,5,-,-,-
2017,중구,신당5동,23,-,-,-,-,-,10,-,-,-,-,-,-,-,-,-,-,-,-,6,-,-,-,7,-,-,-
2017,중구,황학동,18,2,-,-,-,-,9,2,-,-,-,-,-,-,-,-,-,1,-,7,-,-,-,1,-,-,-
2017,중구,중림동,18,29,-,-,-,-,5,29,-,-,-,-,-,-,-,-,-,-,-,8,-,-,-,5,-,-,-
2017,중구,신당동,26,86,-,-,1,57,12,29,-,-,-,-,-,-,-,-,-,-,-,9,-,-,-,4,-,-,-
2017,중구,다산동,28,28,-,-,-,-,15,28,-,-,-,-,-,-,-,-,-,1,-,7,-,-,-,5,-,-,-
2017,중구,약수동,33,204,-,-,2,204,13,-,-,-,-,-,-,-,-,-,-,-,-,11,-,-,-,7,-,-,-
2017,중구,청구동,10,-,-,-,-,-,3,-,-,-,-,-,-,-,-,-,-,-,-,5,-,-,-,2,-,-,-
2017,중구,동화동,14,19,-,-,-,-,9,19,-,-,-,-,-,-,-,-,-,-,-,4,-,-,-,1,-,-,-
2017,용산구,소계,298,992,1,727,2,174,123,86,3,-,-,-,-,-,-,-,-,-,-,108,-,-,-,60,-,1,5
2017,용산구,후암동,15,-,-,-,-,-,6,-,-,-,-,-,-,-,-,-,-,-,-,4,-,-,-,5,-,-,-
2017,용산구,용산2가동,6,-,-,-,-,-,3,-,-,-,-,-,-,-,-,-,-,-,-,2,-,-,-,1,-,-,-
2017,용산구,남영동,36,14,-,-,-,-,18,14,1,-,-,-,-,-,-,-,-,-,-,13,-,-,-,4,-,-,-
2017,용산구,원효로2동,7,-,-,-,-,-,3,-,-,-,-,-,-,-,-,-,-,-,-,3,-,-,-,1,-,-,-
2017,용산구,효창동,12,-,-,-,-,-,6,-,-,-,-,-,-,-,-,-,-,-,-,4,-,-,-,2,-,-,-
2017,용산구,용문동,13,-,-,-,-,-,2,-,-,-,-,-,-,-,-,-,-,-,-,5,-,-,-,6,-,-,-
2017,용산구,이촌1동,46,82,-,-,1,82,19,-,-,-,-,-,-,-,-,-,-,-,-,21,-,-,-,5,-,-,-
2017,용산구,이촌2동,3,-,-,-,-,-,-,-,-,-,-,-,-,-,-,-,-,-,-,2,-,-,-,1,-,-,-
2017,용산구,이태원1동,15,-,-,-,-,-,4,-,-,-,-,-,-,-,-,-,-,-,-,7,-,-,-,4,-,-,-
2017,용산구,이태원2동,7,-,-,-,-,-,5,-,-,-,-,-,-,-,-,-,-,-,-,1,-,-,-,1,-,-,-
2017,용산구,서빙고동,1,-,-,-,-,-,1,-,-,-,-,-,-,-,-,-,-,-,-,-,-,-,-,-,-,-,-
2017,용산구,보광동,21,45,-,-,-,-,12,45,-,-,-,-,-,-,-,-,-,-,-,5,-,-,-,4,-,-,-
2017,용산구,청파동,17,92,-,-,1,92,5,-,1,-,-,-,-,-,-,-,-,-,-,4,-,-,-,6,-,-,-
2017,용산구,원효로1동,20,32,-,-,-,-,13,27,-,-,-,-,-,-,-,-,-,-,-,4,-,-,-,2,-,1,5
2017,용산구,한강로동,48,-,-,-,-,-,16,-,-,-,-,-,-,-,-,-,-,-,-,21,-,-,-,11,-,-,-
2017,용산구,한남동,31,727,1,727,-,-,10,-,1,-,-,-,-,-,-,-,-,-,-,12,-,-,-,7,-,-,-
2017,성동구,소계,432,"2,173",1,844,7,634,197,188,-,3,507,-,-,-,-,-,-,1,-,131,-,-,-,92,-,-,-
2017,성동구,왕십리2동,14,-,-,-,-,-,6,-,-,-,-,-,-,-,-,-,-,-,-,4,-,-,-,4,-,-,-
2017,성동구,마장동,20,46,-,-,-,-,9,46,-,-,-,-,-,-,-,-,-,-,-,6,-,-,-,5,-,-,-
2017,성동구,사근동,2,844,1,844,-,-,-,-,-,-,-,-,-,-,-,-,-,-,-,1,-,-,-,-,-,-,-
2017,성동구,행당1동,55,107,-,-,2,92,29,15,-,-,-,-,-,-,-,-,-,-,-,16,-,-,-,8,-,-,-
2017,성동구,행당2동,35,8,-,-,-,-,19,8,-,-,-,-,-,-,-,-,-,-,-,10,-,-,-,6,-,-,-
2017,성동구,응봉동,9,-,-,-,-,-,2,-,-,-,-,-,-,-,-,-,-,-,-,2,-,-,-,5,-,-,-
2017,성동구,금호1가동,15,-,-,-,-,-,8,-,-,-,-,-,-,-,-,-,-,-,-,4,-,-,-,3,-,-,-
2017,성동구,금호4가동,28,162,-,-,1,134,14,28,-,-,-,-,-,-,-,-,-,-,-,7,-,-,-,6,-,-,-
2017,성동구,성수1가1동,15,29,-,-,-,-,7,29,-,-,-,-,-,-,-,-,-,-,-,5,-,-,-,3,-,-,-
2017,성동구,성수1가2동,11,1,-,-,-,-,1,1,-,-,-,-,-,-,-,-,-,-,-,7,-,-,-,3,-,-,-
2017,성동구,성수2가1동,34,230,-,-,1,80,15,1,-,1,149,-,-,-,-,-,-,-,-,12,-,-,-,5,-,-,-
2017,성동구,성수2가3동,25,11,-,-,-,-,10,11,-,-,-,-,-,-,-,-,-,-,-,9,-,-,-,6,-,-,-
2017,성동구,송정동,5,99,-,-,1,99,3,-,-,-,-,-,-,-,-,-,-,-,-,-,-,-,-,1,-,-,-
2017,성동구,용답동,27,367,-,-,-,-,11,9,-,2,358,-,-,-,-,-,-,-,-,8,-,-,-,6,-,-,-
2017,성동구,왕십리도선동,70,238,-,-,2,229,33,9,-,-,-,-,-,-,-,-,-,1,-,17,-,-,-,17,-,-,-
2017,성동구,금호2.3가동,36,29,-,-,-,-,18,29,-,-,-,-,-,-,-,-,-,-,-,11,-,-,-,7,-,-,-
2017,성동구,옥수동,31,2,-,-,-,-,12,2,-,-,-,-,-,-,-,-,-,-,-,12,-,-,-,7,-,-,-
2017,광진구,소계,543,"2,278",2,"1,087",3,179,261,547,-,2,229,-,-,-,-,1,200,2,-,151,-,-,-,121,36,-,-
2017,광진구,화양동,52,"1,016",1,854,-,-,28,9,-,1,153,-,-,-,-,-,-,1,-,13,-,-,-,8,-,-,-
2017,광진구,군자동,37,51,-,-,1,48,16,3,-,-,-,-,-,-,-,-,-,-,-,10,-,-,-,10,-,-,-
2017,광진구,중곡1동,32,99,-,-,-,-,13,99,-,-,-,-,-,-,-,-,-,-,-,9,-,-,-,10,-,-,-
2017,광진구,중곡2동,46,177,-,-,-,-,28,177,-,-,-,-,-,-,-,-,-,-,-,9,-,-,-,9,-,-,-
2017,광진구,중곡3동,23,226,-,-,-,-,13,16,-,-,-,-,-,-,-,1,200,-,-,5,-,-,-,4,10,-,-
2017,광진구,중곡4동,34,42,-,-,-,-,14,42,-,-,-,-,-,-,-,-,-,-,-,11,-,-,-,9,-,-,-
2017,광진구,능동,18,58,-,-,1,41,9,17,-,-,-,-,-,-,-,-,-,1,-,3,-,-,-,4,-,-,-
2017,광진구,구의1동,33,53,-,-,-,-,19,53,-,-,-,-,-,-,-,-,-,-,-,9,-,-,-,5,-,-,-
2017,광진구,구의2동,26,120,-,-,1,90,10,30,-,-,-,-,-,-,-,-,-,-,-,10,-,-,-,5,-,-,-
2017,광진구,구의3동,54,27,-,-,-,-,30,27,-,-,-,-,-,-,-,-,-,-,-,13,-,-,-,11,-,-,-
2017,광진구,광장동,32,27,-,-,-,-,11,1,-,-,-,-,-,-,-,-,-,-,-,14,-,-,-,7,26,-,-
2017,광진구,자양1동,57,243,1,233,-,-,24,10,-,-,-,-,-,-,-,-,-,-,-,15,-,-,-,17,-,-,-
2017,광진구,자양2동,27,31,-,-,-,-,9,31,-,-,-,-,-,-,-,-,-,-,-,13,-,-,-,5,-,-,-
2017,광진구,자양3동,29,1,-,-,-,-,16,1,-,-,-,-,-,-,-,-,-,-,-,7,-,-,-,6,-,-,-
2017,광진구,자양4동,43,107,-,-,-,-,21,31,-,1,76,-,-,-,-,-,-,-,-,10,-,-,-,11,-,-,-
2017,동대문구,소계,605,"6,349",5,"2,035",14,"1,608",240,512,-,9,"1,480",-,-,-,-,1,500,3,26,154,-,1,183,177,-,1,5
2017,동대문구,회기동,13,"1,053",1,850,-,-,3,-,-,-,-,-,-,-,-,-,-,1,20,3,-,1,183,4,-,-,-
2017,동대문구,휘경1동,28,55,-,-,-,-,14,55,-,-,-,-,-,-,-,-,-,-,-,8,-,-,-,6,-,-,-
2017,동대문구,휘경2동,8,469,1,434,-,-,3,29,-,-,-,-,-,-,-,-,-,1,6,2,-,-,-,1,-,-,-
2017,동대문구,청량리동,51,827,1,224,-,-,28,13,-,1,90,-,-,-,-,1,500,-,-,16,-,-,-,4,-,-,-
2017,동대문구,용신동,64,"1,136",1,202,4,417,25,77,-,2,440,-,-,-,-,-,-,1,-,20,-,-,-,11,-,-,-
2017,동대문구,제기동,105,74,-,-,1,72,11,2,-,-,-,-,-,-,-,-,-,-,-,10,-,-,-,83,-,-,-
2017,동대문구,전농1동,39,96,-,-,1,30,20,66,-,-,-,-,-,-,-,-,-,-,-,11,-,-,-,7,-,-,-
2017,동대문구,전농2동,30,462,1,325,-,-,15,4,-,1,133,-,-,-,-,-,-,-,-,8,-,-,-,5,-,-,-
2017,동대문구,답십리1동,51,266,-,-,1,49,23,97,-,1,120,-,-,-,-,-,-,-,-,15,-,-,-,11,-,-,-
2017,동대문구,답십리2동,28,549,-,-,1,273,13,45,-,1,226,-,-,-,-,-,-,-,-,8,-,-,-,4,-,1,5
2017,동대문구,장안1동,69,767,-,-,4,576,34,48,-,1,143,-,-,-,-,-,-,-,-,17,-,-,-,13,-,-,-
2017,동대문구,장안2동,62,552,-,-,2,191,24,33,-,2,328,-,-,-,-,-,-,-,-,19,-,-,-,15,-,-,-
2017,동대문구,이문1동,41,43,-,-,-,-,18,43,-,-,-,-,-,-,-,-,-,-,-,12,-,-,-,11,-,-,-
2017,동대문구,이문2동,16,-,-,-,-,-,9,-,-,-,-,-,-,-,-,-,-,-,-,5,-,-,-,2,-,-,-
2017,중랑구,소계,491,"3,003",3,"1,049",12,831,223,638,-,2,286,-,-,-,-,1,199,-,-,147,-,-,-,103,-,-,-
2017,중랑구,면목2동,27,156,-,-,1,86,13,70,-,-,-,-,-,-,-,-,-,-,-,5,-,-,-,8,-,-,-
2017,중랑구,면목4동,11,-,-,-,-,-,4,-,-,-,-,-,-,-,-,-,-,-,-,3,-,-,-,4,-,-,-
2017,중랑구,면목5동,3,-,-,-,-,-,-,-,-,-,-,-,-,-,-,-,-,-,-,2,-,-,-,1,-,-,-
2017,중랑구,면목7동,40,65,-,-,1,53,21,12,-,-,-,-,-,-,-,-,-,-,-,12,-,-,-,6,-,-,-
2017,중랑구,상봉1동,26,33,-,-,1,33,11,-,-,-,-,-,-,-,-,-,-,-,-,8,-,-,-,6,-,-,-
2017,중랑구,상봉2동,38,312,-,-,1,90,13,78,-,1,144,-,-,-,-,-,-,-,-,16,-,-,-,7,-,-,-
2017,중랑구,중화1동,20,97,-,-,1,66,9,31,-,-,-,-,-,-,-,-,-,-,-,5,-,-,-,5,-,-,-
2017,중랑구,중화2동,38,66,-,-,-,-,20,66,-,-,-,-,-,-,-,-,-,-,-,10,-,-,-,8,-,-,-
2017,중랑구,묵1동,32,77,-,-,2,75,9,2,-,-,-,-,-,-,-,-,-,-,-,13,-,-,-,8,-,-,-
2017,중랑구,묵2동,27,99,-,-,-,-,14,99,-,-,-,-,-,-,-,-,-,-,-,6,-,-,-,7,-,-,-
2017,중랑구,망우3동,11,83,-,-,1,58,2,25,-,-,-,-,-,-,-,-,-,-,-,3,-,-,-,5,-,-,-
2017,중랑구,신내1동,39,691,1,623,-,-,19,68,-,-,-,-,-,-,-,-,-,-,-,12,-,-,-,7,-,-,-
2017,중랑구,신내2동,25,142,-,-,-,-,12,-,-,1,142,-,-,-,-,-,-,-,-,7,-,-,-,5,-,-,-
2017,중랑구,면목본동,51,37,-,-,-,-,25,37,-,-,-,-,-,-,-,-,-,-,-,14,-,-,-,12,-,-,-
2017,중랑구,면목3.8동,36,352,1,324,-,-,19,28,-,-,-,-,-,-,-,-,-,-,-,12,-,-,-,4,-,-,-
2017,중랑구,망우본동,67,793,1,102,4,370,32,122,-,-,-,-,-,-,-,1,199,-,-,19,-,-,-,10,-,-,-
2017,성북구,소계,525,"3,126",1,"1,051",6,471,245,451,1,5,919,1,233,-,-,-,-,1,-,150,-,-,-,115,1,-,-
2017,성북구,돈암1동,14,94,-,-,-,-,8,94,-,-,-,-,-,-,-,-,-,-,-,4,-,-,-,2,-,-,-
2017,성북구,돈암2동,8,-,-,-,-,-,3,-,-,-,-,-,-,-,-,-,-,-,-,3,-,-,-,2,-,-,-
2017,성북구,안암동,14,"1,145",1,"1,051",1,94,4,-,-,-,-,-,-,-,-,-,-,-,-,6,-,-,-,2,-,-,-
2017,성북구,보문동,21,380,-,-,-,-,7,29,-,2,351,-,-,-,-,-,-,-,-,6,-,-,-,6,-,-,-
2017,성북구,정릉1동,29,214,-,-,-,-,20,19,-,1,195,-,-,-,-,-,-,-,-,4,-,-,-,4,-,-,-
2017,성북구,정릉2동,18,235,-,-,-,-,6,2,-,-,-,1,233,-,-,-,-,-,-,5,-,-,-,6,-,-,-
2017,성북구,정릉3동,4,-,-,-,-,-,1,-,-,-,-,-,-,-,-,-,-,-,-,2,-,-,-,1,-,-,-
2017,성북구,정릉4동,20,-,-,-,-,-,8,-,-,-,-,-,-,-,-,-,-,-,-,7,-,-,-,5,-,-,-
2017,성북구,길음1동,48,11,-,-,-,-,20,11,-,-,-,-,-,-,-,-,-,-,-,20,-,-,-,8,-,-,-
2017,성북구,길음2동,18,250,-,-,1,97,9,2,-,1,151,-,-,-,-,-,-,-,-,3,-,-,-,4,-,-,-
2017,성북구,월곡1동,36,49,-,-,-,-,18,49,-,-,-,-,-,-,-,-,-,-,-,7,-,-,-,11,-,-,-
2017,성북구,월곡2동,30,77,-,-,1,72,9,5,-,-,-,-,-,-,-,-,-,-,-,13,-,-,-,7,-,-,-
2017,성북구,장위1동,20,33,-,-,-,-,11,33,-,-,-,-,-,-,-,-,-,-,-,5,-,-,-,4,-,-,-
2017,성북구,장위2동,17,223,-,-,-,-,6,1,-,1,222,-,-,-,-,-,-,-,-,5,-,-,-,5,-,-,-
2017,성북구,장위3동,7,45,-,-,1,30,6,15,-,-,-,-,-,-,-,-,-,-,-,-,-,-,-,-,-,-,-
2017,성북구,성북동,30,11,-,-,-,-,16,11,-,-,-,-,-,-,-,-,-,-,-,8,-,-,-,6,-,-,-
2017,성북구,삼선동,52,60,-,-,-,-,29,59,-,-,-,-,-,-,-,-,-,-,-,11,-,-,-,12,1,-,-
2017,성북구,동선동,60,70,-,-,1,58,31,12,-,-,-,-,-,-,-,-,-,-,-,18,-,-,-,10,-,-,-
2017,성북구,종암동,44,178,-,-,1,120,18,58,1,-,-,-,-,-,-,-,-,1,-,12,-,-,-,11,-,-,-
2017,성북구,석관동,35,51,-,-,-,-,15,51,-,-,-,-,-,-,-,-,-,-,-,11,-,-,-,9,-,-,-
2017,강북구,소계,447,"2,040",1,203,8,802,221,403,-,3,447,2,148,-,-,-,-,1,-,118,1,-,-,93,36,-,-
2017,강북구,번1동,46,403,-,-,1,131,24,31,-,1,142,1,99,-,-,-,-,1,-,11,-,-,-,7,-,-,-
2017,강북구,번2동,11,-,-,-,-,-,5,-,-,-,-,-,-,-,-,-,-,-,-,2,-,-,-,4,-,-,-
2017,강북구,번3동,17,5,-,-,-,-,8,5,-,-,-,-,-,-,-,-,-,-,-,4,-,-,-,5,-,-,-
2017,강북구,수유1동,27,54,-,-,-,-,14,54,-,-,-,-,-,-,-,-,-,-,-,7,-,-,-,6,-,-,-
2017,강북구,수유2동,23,39,-,-,-,-,11,39,-,-,-,-,-,-,-,-,-,-,-,7,-,-,-,5,-,-,-
2017,강북구,수유3동,69,109,-,-,1,83,35,25,-,-,-,-,-,-,-,-,-,-,-,21,1,-,-,12,-,-,-
2017,강북구,삼양동,40,83,-,-,-,-,22,83,-,-,-,-,-,-,-,-,-,-,-,8,-,-,-,10,-,-,-
2017,강북구,미아동,67,456,-,-,3,181,29,86,-,1,153,-,-,-,-,-,-,-,-,17,-,-,-,17,36,-,-
2017,강북구,송중동,45,99,-,-,1,61,29,38,-,-,-,-,-,-,-,-,-,-,-,11,-,-,-,4,-,-,-
2017,강북구,송천동,45,160,-,-,-,-,17,8,-,1,152,-,-,-,-,-,-,-,-,16,-,-,-,11,-,-,-
2017,강북구,삼각산동,29,5,-,-,-,-,16,5,-,-,-,-,-,-,-,-,-,-,-,9,-,-,-,4,-,-,-
2017,강북구,우이동,10,19,-,-,-,-,4,19,-,-,-,-,-,-,-,-,-,-,-,2,-,-,-,4,-,-,-
2017,강북구,인수동,18,608,1,203,2,346,7,10,-,-,-,1,49,-,-,-,-,-,-,3,-,-,-,4,-,-,-
2017,도봉구,소계,367,"3,002",1,414,5,525,159,180,1,7,846,1,162,-,-,3,671,1,-,102,-,2,204,85,-,-,-
2017,도봉구,쌍문1동,18,881,-,-,-,-,5,-,-,4,583,-,-,-,-,1,298,-,-,4,-,-,-,4,-,-,-
2017,도봉구,쌍문2동,36,82,-,-,1,30,19,8,-,1,44,-,-,-,-,-,-,1,-,7,-,-,-,7,-,-,-
2017,도봉구,쌍문3동,20,417,1,414,-,-,5,3,1,-,-,-,-,-,-,-,-,-,-,7,-,-,-,6,-,-,-
2017,도봉구,쌍문4동,11,-,-,-,-,-,5,-,-,-,-,-,-,-,-,-,-,-,-,4,-,-,-,2,-,-,-
2017,도봉구,방학1동,62,608,-,-,1,202,27,67,-,1,73,-,-,-,-,1,174,-,-,18,-,1,92,13,-,-,-
2017,도봉구,방학2동,18,112,-,-,-,-,8,-,-,-,-,-,-,-,-,-,-,-,-,3,-,1,112,6,-,-,-
2017,도봉구,방학3동,19,308,-,-,-,-,9,-,-,1,146,1,162,-,-,-,-,-,-,4,-,-,-,4,-,-,-
2017,도봉구,창1동,28,24,-,-,-,-,15,24,-,-,-,-,-,-,-,-,-,-,-,8,-,-,-,5,-,-,-
2017,도봉구,창2동,16,154,-,-,1,154,7,-,-,-,-,-,-,-,-,-,-,-,-,5,-,-,-,3,-,-,-
2017,도봉구,창3동,15,24,-,-,-,-,8,24,-,-,-,-,-,-,-,-,-,-,-,4,-,-,-,3,-,-,-
2017,도봉구,창4동,37,-,-,-,-,-,18,-,-,-,-,-,-,-,-,-,-,-,-,13,-,-,-,6,-,-,-
2017,도봉구,창5동,45,339,-,-,2,139,16,1,-,-,-,-,-,-,-,1,199,-,-,15,-,-,-,11,-,-,-
2017,도봉구,도봉1동,30,32,-,-,-,-,11,32,-,-,-,-,-,-,-,-,-,-,-,7,-,-,-,12,-,-,-
2017,도봉구,도봉2동,12,21,-,-,-,-,6,21,-,-,-,-,-,-,-,-,-,-,-,3,-,-,-,3,-,-,-
2017,노원구,소계,717,"3,906",3,"1,664",7,471,346,421,1,8,"1,265",-,-,-,-,-,-,2,-,191,-,2,85,157,-,-,-
2017,노원구,월계1동,33,310,-,-,-,-,14,11,-,1,299,-,-,-,-,-,-,-,-,10,-,-,-,8,-,-,-
2017,노원구,월계2동,17,-,-,-,-,-,7,-,-,-,-,-,-,-,-,-,-,-,-,7,-,-,-,3,-,-,-
2017,노원구,월계3동,20,20,-,-,-,-,11,20,-,-,-,-,-,-,-,-,-,-,-,5,-,-,-,4,-,-,-
2017,노원구,공릉2동,33,516,1,490,-,-,15,26,1,-,-,-,-,-,-,-,-,-,-,9,-,-,-,7,-,-,-
2017,노원구,하계1동,20,635,1,531,-,-,9,-,-,1,104,-,-,-,-,-,-,-,-,6,-,-,-,3,-,-,-
2017,노원구,하계2동,10,-,-,-,-,-,5,-,-,-,-,-,-,-,-,-,-,-,-,3,-,-,-,2,-,-,-
2017,노원구,중계본동,29,2,-,-,-,-,17,2,-,-,-,-,-,-,-,-,-,-,-,8,-,-,-,4,-,-,-
2017,노원구,중계1동,40,23,-,-,-,-,15,23,-,-,-,-,-,-,-,-,-,-,-,14,-,-,-,11,-,-,-
2017,노원구,중계4동,35,179,-,-,-,-,16,30,-,1,149,-,-,-,-,-,-,-,-,10,-,-,-,8,-,-,-
2017,노원구,상계1동,49,210,-,-,-,-,22,86,-,1,124,-,-,-,-,-,-,-,-,13,-,-,-,13,-,-,-
2017,노원구,상계2동,66,575,-,-,2,80,26,67,-,2,343,-,-,-,-,-,-,1,-,14,-,2,85,19,-,-,-
2017,노원구,상계5동,21,36,-,-,-,-,8,36,-,-,-,-,-,-,-,-,-,-,-,7,-,-,-,6,-,-,-
2017,노원구,상계8동,31,8,-,-,-,-,16,8,-,-,-,-,-,-,-,-,-,-,-,9,-,-,-,6,-,-,-
2017,노원구,상계9동,26,24,-,-,-,-,15,24,-,-,-,-,-,-,-,-,-,-,-,8,-,-,-,3,-,-,-
2017,노원구,상계10동,7,-,-,-,-,-,2,-,-,-,-,-,-,-,-,-,-,-,-,4,-,-,-,1,-,-,-
2017,노원구,상계3.4동,28,7,-,-,-,-,12,7,-,-,-,-,-,-,-,-,-,-,-,9,-,-,-,7,-,-,-
2017,노원구,상계6.7동,146,937,1,643,1,93,83,68,-,1,133,-,-,-,-,-,-,1,-,26,-,-,-,33,-,-,-
2017,노원구,중계2.3동,36,2,-,-,-,-,20,2,-,-,-,-,-,-,-,-,-,-,-,10,-,-,-,6,-,-,-
2017,노원구,공릉1동,70,422,-,-,4,298,33,11,-,1,113,-,-,-,-,-,-,-,-,19,-,-,-,13,-,-,-
2017,은평구,소계,623,"3,292",1,200,9,655,301,490,-,6,"1,104",-,-,1,435,1,275,1,-,169,-,2,70,132,63,-,-
2017,은평구,녹번동,21,410,-,-,2,192,5,-,-,1,190,-,-,-,-,-,-,-,-,6,-,-,-,7,28,-,-
2017,은평구,불광1동,63,141,-,-,1,30,27,75,-,-,-,-,-,-,-,-,-,-,-,21,-,1,36,13,-,-,-
2017,은평구,갈현1동,43,385,1,200,-,-,19,12,-,1,150,-,-,-,-,-,-,-,-,14,-,-,-,8,23,-,-
2017,은평구,갈현2동,27,80,-,-,1,80,12,-,-,-,-,-,-,-,-,-,-,-,-,8,-,-,-,6,-,-,-
2017,은평구,구산동,27,257,-,-,1,83,12,-,-,1,174,-,-,-,-,-,-,-,-,7,-,-,-,6,-,-,-
2017,은평구,대조동,95,159,-,-,1,70,58,89,-,-,-,-,-,-,-,-,-,1,-,18,-,-,-,17,-,-,-
2017,은평구,응암1동,64,581,-,-,1,90,33,49,-,2,442,-,-,-,-,-,-,-,-,22,-,-,-,6,-,-,-
2017,은평구,응암2동,12,423,-,-,-,-,5,-,-,1,148,-,-,-,-,1,275,-,-,2,-,-,-,3,-,-,-
2017,은평구,신사1동,35,93,-,-,-,-,18,59,-,-,-,-,-,-,-,-,-,-,-,10,-,1,34,6,-,-,-
2017,은평구,신사2동,12,1,-,-,-,-,3,1,-,-,-,-,-,-,-,-,-,-,-,5,-,-,-,4,-,-,-
2017,은평구,증산동,22,29,-,-,-,-,11,29,-,-,-,-,-,-,-,-,-,-,-,6,-,-,-,5,-,-,-
2017,은평구,수색동,13,29,-,-,-,-,7,29,-,-,-,-,-,-,-,-,-,-,-,5,-,-,-,1,-,-,-
2017,은평구,진관동,54,38,-,-,-,-,25,26,-,-,-,-,-,-,-,-,-,-,-,16,-,-,-,13,12,-,-
2017,은평구,불광2동,30,20,-,-,-,-,14,20,-,-,-,-,-,-,-,-,-,-,-,6,-,-,-,10,-,-,-
2017,은평구,응암3동,57,93,-,-,1,60,31,33,-,-,-,-,-,-,-,-,-,-,-,9,-,-,-,16,-,-,-
2017,은평구,역촌동,48,553,-,-,1,50,21,68,-,-,-,-,-,1,435,-,-,-,-,14,-,-,-,11,-,-,-
2017,서대문구,소계,432,"3,755",2,"2,667",4,178,206,340,-,3,435,-,-,-,-,-,-,2,7,120,-,1,108,94,20,-,-
2017,서대문구,천연동,33,3,-,-,-,-,13,3,-,-,-,-,-,-,-,-,-,-,-,11,-,-,-,9,-,-,-
2017,서대문구,홍제1동,45,16,-,-,-,-,24,16,-,-,-,-,-,-,-,-,-,-,-,10,-,-,-,11,-,-,-
2017,서대문구,홍제3동,39,90,-,-,2,90,21,-,-,-,-,-,-,-,-,-,-,-,-,11,-,-,-,5,-,-,-
2017,서대문구,홍제2동,23,-,-,-,-,-,7,-,-,-,-,-,-,-,-,-,-,-,-,8,-,-,-,8,-,-,-
2017,서대문구,홍은1동,13,191,-,-,-,-,5,49,-,1,142,-,-,-,-,-,-,-,-,4,-,-,-,3,-,-,-
2017,서대문구,홍은2동,23,252,1,200,-,-,8,52,-,-,-,-,-,-,-,-,-,-,-,6,-,-,-,8,-,-,-
2017,서대문구,남가좌1동,27,92,-,-,1,54,16,38,-,-,-,-,-,-,-,-,-,-,-,6,-,-,-,4,-,-,-
2017,서대문구,남가좌2동,31,42,-,-,-,-,15,42,-,-,-,-,-,-,-,-,-,-,-,8,-,-,-,8,-,-,-
2017,서대문구,북가좌1동,21,117,-,-,-,-,11,2,-,1,115,-,-,-,-,-,-,-,-,5,-,-,-,4,-,-,-
2017,서대문구,북가좌2동,32,39,-,-,-,-,14,19,-,-,-,-,-,-,-,-,-,-,-,11,-,-,-,7,20,-,-
2017,서대문구,충현동,17,2,-,-,-,-,8,2,-,-,-,-,-,-,-,-,-,-,-,5,-,-,-,4,-,-,-
2017,서대문구,북아현동,20,26,-,-,-,-,11,26,-,-,-,-,-,-,-,-,-,-,-,4,-,-,-,5,-,-,-
2017,서대문구,신촌동,73,"2,529",1,"2,467",1,34,39,21,-,-,-,-,-,-,-,-,-,2,7,21,-,-,-,9,-,-,-
2017,서대문구,연희동,35,356,-,-,-,-,14,70,-,1,178,-,-,-,-,-,-,-,-,10,-,1,108,9,-,-,-
2017,마포구,소계,717,722,-,-,2,187,349,225,-,2,211,-,-,-,-,-,-,3,-,200,-,1,33,160,66,-,-
2017,마포구,용강동,11,31,-,-,1,30,5,1,-,-,-,-,-,-,-,-,-,-,-,2,-,-,-,3,-,-,-
2017,마포구,대흥동,83,4,-,-,-,-,44,4,-,-,-,-,-,-,-,-,-,-,-,21,-,-,-,18,-,-,-
2017,마포구,염리동,15,4,-,-,-,-,5,4,-,-,-,-,-,-,-,-,-,-,-,5,-,-,-,5,-,-,-
2017,마포구,신수동,20,163,-,-,1,157,8,6,-,-,-,-,-,-,-,-,-,-,-,6,-,-,-,5,-,-,-
2017,마포구,서교동,152,125,-,-,-,-,88,96,-,-,-,-,-,-,-,-,-,2,-,34,-,-,-,28,29,-,-
2017,마포구,합정동,31,43,-,-,-,-,16,10,-,-,-,-,-,-,-,-,-,-,-,9,-,1,33,5,-,-,-
2017,마포구,망원1동,46,19,-,-,-,-,21,3,-,-,-,-,-,-,-,-,-,-,-,11,-,-,-,14,16,-,-
2017,마포구,망원2동,19,29,-,-,-,-,7,8,-,-,-,-,-,-,-,-,-,-,-,6,-,-,-,6,21,-,-
2017,마포구,연남동,11,-,-,-,-,-,3,-,-,-,-,-,-,-,-,-,-,-,-,5,-,-,-,3,-,-,-
2017,마포구,성산1동,13,-,-,-,-,-,4,-,-,-,-,-,-,-,-,-,-,-,-,4,-,-,-,5,-,-,-
2017,마포구,성산2동,32,121,-,-,-,-,14,1,-,1,120,-,-,-,-,-,-,-,-,12,-,-,-,5,-,-,-
2017,마포구,상암동,52,111,-,-,-,-,25,20,-,1,91,-,-,-,-,-,-,-,-,15,-,-,-,11,-,-,-
2017,마포구,도화동,79,14,-,-,-,-,43,14,-,-,-,-,-,-,-,-,-,1,-,24,-,-,-,11,-,-,-
2017,마포구,서강동,25,9,-,-,-,-,5,9,-,-,-,-,-,-,-,-,-,-,-,11,-,-,-,9,-,-,-
2017,마포구,공덕동,69,49,-,-,-,-,29,49,-,-,-,-,-,-,-,-,-,-,-,21,-,-,-,19,-,-,-
2017,마포구,아현동,59,-,-,-,-,-,32,-,-,-,-,-,-,-,-,-,-,-,-,14,-,-,-,13,-,-,-
2017,양천구,소계,621,"2,757",2,"1,064",5,750,274,383,-,3,279,-,-,-,-,-,-,4,-,177,-,3,192,153,89,-,-
2017,양천구,목1동,88,316,-,-,1,169,39,22,-,-,-,-,-,-,-,-,-,-,-,24,-,2,125,22,-,-,-
2017,양천구,목2동,29,61,-,-,1,31,9,1,-,-,-,-,-,-,-,-,-,-,-,9,-,-,-,10,29,-,-
2017,양천구,목3동,54,15,-,-,-,-,26,1,-,-,-,-,-,-,-,-,-,-,-,14,-,-,-,14,14,-,-
2017,양천구,목4동,41,1,-,-,-,-,18,1,-,-,-,-,-,-,-,-,-,-,-,12,-,-,-,11,-,-,-
2017,양천구,신월1동,21,80,-,-,-,-,9,55,-,-,-,-,-,-,-,-,-,-,-,5,-,-,-,7,25,-,-
2017,양천구,신월2동,17,36,-,-,-,-,8,36,-,-,-,-,-,-,-,-,-,-,-,5,-,-,-,4,-,-,-
2017,양천구,신월3동,10,-,-,-,-,-,5,-,-,-,-,-,-,-,-,-,-,-,-,3,-,-,-,2,-,-,-
2017,양천구,신월4동,18,97,-,-,-,-,8,30,-,-,-,-,-,-,-,-,-,-,-,5,-,1,67,4,-,-,-
2017,양천구,신월5동,12,145,-,-,1,121,4,24,-,-,-,-,-,-,-,-,-,-,-,4,-,-,-,3,-,-,-
2017,양천구,신월6동,19,235,-,-,1,96,12,37,-,1,99,-,-,-,-,-,-,-,-,2,-,-,-,3,3,-,-
2017,양천구,신월7동,22,2,-,-,-,-,12,2,-,-,-,-,-,-,-,-,-,-,-,5,-,-,-,5,-,-,-
2017,양천구,신정1동,32,30,-,-,-,-,13,30,-,-,-,-,-,-,-,-,-,1,-,10,-,-,-,8,-,-,-
2017,양천구,신정2동,29,20,-,-,-,-,14,20,-,-,-,-,-,-,-,-,-,-,-,8,-,-,-,7,-,-,-
2017,양천구,신정3동,56,384,-,-,1,333,28,49,-,-,-,-,-,-,-,-,-,-,-,16,-,-,-,11,2,-,-
2017,양천구,신정6동,10,-,-,-,-,-,3,-,-,-,-,-,-,-,-,-,-,-,-,5,-,-,-,2,-,-,-
2017,양천구,신정7동,33,-,-,-,-,-,10,-,-,-,-,-,-,-,-,-,-,1,-,11,-,-,-,11,-,-,-
2017,양천구,목5동,47,805,1,802,-,-,18,3,-,-,-,-,-,-,-,-,-,-,-,19,-,-,-,9,-,-,-
2017,양천구,신정4동,83,530,1,262,-,-,38,72,-,2,180,-,-,-,-,-,-,2,-,20,-,-,-,20,16,-,-
2017,강서구,소계,777,"3,508",3,459,16,"1,366",358,544,-,5,831,-,-,-,-,-,-,3,-,207,-,3,183,182,125,-,-
2017,강서구,염창동,41,108,-,-,1,78,16,5,-,-,-,-,-,-,-,-,-,-,-,12,-,-,-,12,25,-,-
2017,강서구,등촌1동,39,253,-,-,1,88,19,38,-,1,127,-,-,-,-,-,-,-,-,10,-,-,-,8,-,-,-
2017,강서구,등촌2동,14,77,-,-,1,50,5,27,-,-,-,-,-,-,-,-,-,-,-,5,-,-,-,3,-,-,-
2017,강서구,등촌3동,54,658,1,200,2,208,21,60,-,1,99,-,-,-,-,-,-,1,-,15,-,1,63,12,28,-,-
2017,강서구,화곡본동,37,79,-,-,1,58,20,6,-,-,-,-,-,-,-,-,-,2,-,7,-,-,-,7,15,-,-
2017,강서구,화곡2동,13,26,-,-,-,-,5,26,-,-,-,-,-,-,-,-,-,-,-,3,-,-,-,5,-,-,-
2017,강서구,화곡3동,39,60,-,-,-,-,19,46,-,-,-,-,-,-,-,-,-,-,-,11,-,-,-,9,14,-,-
2017,강서구,화곡4동,30,239,-,-,-,-,13,22,-,1,192,-,-,-,-,-,-,-,-,7,-,-,-,9,25,-,-
2017,강서구,화곡6동,31,26,-,-,-,-,13,8,-,-,-,-,-,-,-,-,-,-,-,10,-,-,-,8,18,-,-
2017,강서구,화곡8동,38,2,-,-,-,-,18,2,-,-,-,-,-,-,-,-,-,-,-,9,-,-,-,11,-,-,-
2017,강서구,가양1동,83,115,-,-,-,-,37,48,-,-,-,-,-,-,-,-,-,-,-,28,-,1,67,17,-,-,-
2017,강서구,가양2동,33,70,-,-,1,66,19,4,-,-,-,-,-,-,-,-,-,-,-,7,-,-,-,6,-,-,-
2017,강서구,가양3동,9,1,-,-,-,-,6,1,-,-,-,-,-,-,-,-,-,-,-,2,-,-,-,1,-,-,-
2017,강서구,발산1동,65,311,1,100,1,193,29,18,-,-,-,-,-,-,-,-,-,-,-,19,-,-,-,15,-,-,-
2017,강서구,공항동,21,185,1,159,-,-,11,26,-,-,-,-,-,-,-,-,-,-,-,6,-,-,-,3,-,-,-
2017,강서구,방화1동,51,266,-,-,2,62,25,30,-,1,174,-,-,-,-,-,-,-,-,9,-,-,-,14,-,-,-
2017,강서구,방화2동,25,116,-,-,1,89,13,27,-,-,-,-,-,-,-,-,-,-,-,6,-,-,-,5,-,-,-
2017,강서구,방화3동,12,1,-,-,-,-,5,1,-,-,-,-,-,-,-,-,-,-,-,4,-,-,-,3,-,-,-
2017,강서구,화곡1동,80,460,-,-,2,285,38,122,-,-,-,-,-,-,-,-,-,-,-,22,-,1,53,17,-,-,-
2017,강서구,우장산동,62,455,-,-,3,189,26,27,-,1,239,-,-,-,-,-,-,-,-,15,-,-,-,17,-,-,-
2017,구로구,소계,557,"3,893",2,"1,261",8,608,262,368,-,5,"1,110",1,430,-,-,-,-,2,-,166,-,1,67,109,47,1,2
2017,구로구,신도림동,52,5,-,-,-,-,29,5,-,-,-,-,-,-,-,-,-,-,-,13,-,-,-,10,-,-,-
2017,구로구,구로1동,15,29,-,-,-,-,7,29,-,-,-,-,-,-,-,-,-,-,-,5,-,-,-,3,-,-,-
2017,구로구,구로3동,63,131,-,-,1,91,28,40,-,-,-,-,-,-,-,-,-,-,-,22,-,-,-,12,-,-,-
2017,구로구,구로4동,64,48,-,-,-,-,31,46,-,-,-,-,-,-,-,-,-,-,-,17,-,-,-,15,-,1,2
2017,구로구,구로5동,51,349,-,-,2,84,26,32,-,1,233,-,-,-,-,-,-,2,-,12,-,-,-,8,-,-,-
2017,구로구,고척1동,34,303,1,207,-,-,12,29,-,-,-,-,-,-,-,-,-,-,-,12,-,1,67,8,-,-,-
2017,구로구,고척2동,37,193,-,-,1,31,20,27,-,1,106,-,-,-,-,-,-,-,-,8,-,-,-,7,29,-,-
2017,구로구,개봉2동,43,120,-,-,-,-,18,30,-,1,90,-,-,-,-,-,-,-,-,16,-,-,-,8,-,-,-
2017,구로구,개봉3동,22,28,-,-,-,-,12,28,-,-,-,-,-,-,-,-,-,-,-,7,-,-,-,3,-,-,-
2017,구로구,오류1동,41,129,-,-,1,95,19,34,-,-,-,-,-,-,-,-,-,-,-,12,-,-,-,9,-,-,-
2017,구로구,오류2동,31,66,-,-,1,43,14,23,-,-,-,-,-,-,-,-,-,-,-,10,-,-,-,6,-,-,-
2017,구로구,수궁동,11,-,-,-,-,-,4,-,-,-,-,-,-,-,-,-,-,-,-,5,-,-,-,2,-,-,-
2017,구로구,가리봉동,12,681,-,-,-,-,4,-,-,2,681,-,-,-,-,-,-,-,-,4,-,-,-,2,-,-,-
2017,구로구,구로2동,50,"1,141",1,"1,054",1,65,24,4,-,-,-,-,-,-,-,-,-,-,-,15,-,-,-,9,18,-,-
2017,구로구,개봉1동,31,670,-,-,1,199,14,41,-,-,-,1,430,-,-,-,-,-,-,8,-,-,-,7,-,-,-
2017,금천구,소계,330,"2,035",1,236,6,704,143,388,-,4,621,-,-,-,-,-,-,-,-,101,-,1,47,74,39,-,-
2017,금천구,가산동,65,268,-,-,1,234,25,34,-,-,-,-,-,-,-,-,-,-,-,28,-,-,-,11,-,-,-
2017,금천구,독산1동,40,430,-,-,2,232,22,81,-,1,88,-,-,-,-,-,-,-,-,8,-,-,-,7,29,-,-
2017,금천구,독산2동,27,31,-,-,-,-,11,31,-,-,-,-,-,-,-,-,-,-,-,8,-,-,-,8,-,-,-
2017,금천구,독산3동,37,554,-,-,-,-,16,113,-,2,394,-,-,-,-,-,-,-,-,11,-,1,47,7,-,-,-
2017,금천구,독산4동,10,57,-,-,1,57,2,-,-,-,-,-,-,-,-,-,-,-,-,4,-,-,-,3,-,-,-
2017,금천구,시흥1동,83,673,1,236,2,181,33,117,-,1,139,-,-,-,-,-,-,-,-,26,-,-,-,20,-,-,-
2017,금천구,시흥2동,11,-,-,-,-,-,5,-,-,-,-,-,-,-,-,-,-,-,-,4,-,-,-,2,-,-,-
2017,금천구,시흥3동,8,-,-,-,-,-,4,-,-,-,-,-,-,-,-,-,-,-,-,2,-,-,-,2,-,-,-
2017,금천구,시흥4동,21,10,-,-,-,-,11,-,-,-,-,-,-,-,-,-,-,-,-,3,-,-,-,7,10,-,-
2017,금천구,시흥5동,28,12,-,-,-,-,14,12,-,-,-,-,-,-,-,-,-,-,-,7,-,-,-,7,-,-,-
2017,영등포구,소계,729,"5,604",7,"2,129",9,998,317,434,10,11,"1,934",-,-,-,-,-,-,2,-,226,-,2,95,145,14,-,-
2017,영등포구,여의동,154,485,1,441,-,-,66,44,9,-,-,-,-,-,-,-,-,2,-,53,-,-,-,23,-,-,-
2017,영등포구,당산1동,34,98,-,-,1,89,10,9,-,-,-,-,-,-,-,-,-,-,-,13,-,-,-,10,-,-,-
2017,영등포구,당산2동,75,38,-,-,-,-,34,24,-,-,-,-,-,-,-,-,-,-,-,22,-,-,-,19,14,-,-
2017,영등포구,양평1동,17,83,-,-,1,83,6,-,-,-,-,-,-,-,-,-,-,-,-,6,-,-,-,4,-,-,-
2017,영등포구,양평2동,24,468,-,-,-,-,7,78,-,2,390,-,-,-,-,-,-,-,-,9,-,-,-,6,-,-,-
2017,영등포구,신길1동,25,366,1,310,1,46,10,10,-,-,-,-,-,-,-,-,-,-,-,7,-,-,-,6,-,-,-
2017,영등포구,신길3동,36,259,-,-,1,181,22,78,-,-,-,-,-,-,-,-,-,-,-,8,-,-,-,5,-,-,-
2017,영등포구,신길4동,12,-,-,-,-,-,4,-,-,-,-,-,-,-,-,-,-,-,-,4,-,-,-,4,-,-,-
2017,영등포구,신길5동,4,-,-,-,-,-,-,-,-,-,-,-,-,-,-,-,-,-,-,1,-,-,-,3,-,-,-
2017,영등포구,신길6동,36,109,-,-,1,80,17,29,-,-,-,-,-,-,-,-,-,-,-,13,-,-,-,5,-,-,-
2017,영등포구,신길7동,14,278,-,-,-,-,5,2,-,1,276,-,-,-,-,-,-,-,-,5,-,-,-,3,-,-,-
2017,영등포구,대림1동,23,742,2,731,-,-,9,11,-,-,-,-,-,-,-,-,-,-,-,6,-,-,-,6,-,-,-
2017,영등포구,대림2동,30,456,1,243,1,143,14,30,-,-,-,-,-,-,-,-,-,-,-,7,-,1,40,6,-,-,-
2017,영등포구,대림3동,35,675,-,-,1,230,13,51,-,2,339,-,-,-,-,-,-,-,-,9,-,1,55,9,-,-,-
2017,영등포구,영등포본동,17,-,-,-,-,-,8,-,-,-,-,-,-,-,-,-,-,-,-,6,-,-,-,3,-,-,-
2017,영등포구,영등포동,126,"1,396",2,404,2,146,60,32,1,5,814,-,-,-,-,-,-,-,-,38,-,-,-,18,-,-,-
2017,영등포구,도림동,17,-,-,-,-,-,8,-,-,-,-,-,-,-,-,-,-,-,-,2,-,-,-,7,-,-,-
2017,영등포구,문래동,50,151,-,-,-,-,24,36,-,1,115,-,-,-,-,-,-,-,-,17,-,-,-,8,-,-,-
2017,동작구,소계,560,"2,865",2,"1,599",5,401,251,266,-,3,522,-,-,-,-,-,-,1,-,168,-,1,30,129,47,-,-
2017,동작구,노량진2동,14,62,-,-,1,56,6,6,-,-,-,-,-,-,-,-,-,-,-,3,-,-,-,4,-,-,-
2017,동작구,상도1동,47,88,-,-,1,83,17,5,-,-,-,-,-,-,-,-,-,-,-,18,-,-,-,11,-,-,-
2017,동작구,상도2동,51,37,-,-,-,-,23,37,-,-,-,-,-,-,-,-,-,-,-,17,-,-,-,11,-,-,-
2017,동작구,상도3동,31,2,-,-,-,-,13,2,-,-,-,-,-,-,-,-,-,-,-,10,-,-,-,8,-,-,-
2017,동작구,상도4동,26,340,-,-,1,156,9,-,-,1,157,-,-,-,-,-,-,-,-,9,-,-,-,6,27,-,-
2017,동작구,사당1동,66,140,-,-,2,106,30,34,-,-,-,-,-,-,-,-,-,1,-,20,-,-,-,13,-,-,-
2017,동작구,사당3동,16,7,-,-,-,-,8,7,-,-,-,-,-,-,-,-,-,-,-,3,-,-,-,5,-,-,-
2017,동작구,사당4동,38,-,-,-,-,-,14,-,-,-,-,-,-,-,-,-,-,-,-,13,-,-,-,11,-,-,-
2017,동작구,사당5동,5,-,-,-,-,-,3,-,-,-,-,-,-,-,-,-,-,-,-,1,-,-,-,1,-,-,-
2017,동작구,대방동,60,255,-,-,-,-,31,60,-,1,175,-,-,-,-,-,-,-,-,15,-,-,-,13,20,-,-
2017,동작구,신대방1동,35,221,-,-,-,-,18,31,-,1,190,-,-,-,-,-,-,-,-,10,-,-,-,6,-,-,-
2017,동작구,신대방2동,33,828,1,763,-,-,16,35,-,-,-,-,-,-,-,-,-,-,-,9,-,1,30,6,-,-,-
2017,동작구,흑석동,43,858,1,836,-,-,22,22,-,-,-,-,-,-,-,-,-,-,-,12,-,-,-,8,-,-,-
2017,동작구,노량진1동,31,4,-,-,-,-,13,4,-,-,-,-,-,-,-,-,-,-,-,10,-,-,-,8,-,-,-
2017,동작구,사당2동,64,23,-,-,-,-,28,23,-,-,-,-,-,-,-,-,-,-,-,18,-,-,-,18,-,-,-
2017,관악구,소계,673,"2,341",2,479,8,515,300,577,-,3,692,-,-,-,-,-,-,1,-,205,-,-,-,154,78,-,-
2017,관악구,보라매동,25,31,-,-,-,-,9,31,-,-,-,-,-,-,-,-,-,-,-,9,-,-,-,7,-,-,-
2017,관악구,청림동,10,-,-,-,-,-,3,-,-,-,-,-,-,-,-,-,-,-,-,5,-,-,-,2,-,-,-
2017,관악구,행운동,54,231,1,185,-,-,25,46,-,-,-,-,-,-,-,-,-,-,-,13,-,-,-,15,-,-,-
2017,관악구,낙성대동,40,109,-,-,1,78,16,31,-,-,-,-,-,-,-,-,-,-,-,18,-,-,-,5,-,-,-
2017,관악구,중앙동,56,102,-,-,1,37,27,41,-,-,-,-,-,-,-,-,-,-,-,19,-,-,-,9,24,-,-
2017,관악구,인헌동,44,2,-,-,-,-,20,2,-,-,-,-,-,-,-,-,-,-,-,13,-,-,-,11,-,-,-
2017,관악구,남현동,29,3,-,-,-,-,13,-,-,-,-,-,-,-,-,-,-,-,-,9,-,-,-,7,3,-,-
2017,관악구,서원동,34,420,1,294,1,95,13,31,-,-,-,-,-,-,-,-,-,-,-,10,-,-,-,9,-,-,-
2017,관악구,신원동,18,20,-,-,-,-,9,20,-,-,-,-,-,-,-,-,-,-,-,4,-,-,-,5,-,-,-
2017,관악구,서림동,19,1,-,-,-,-,9,1,-,-,-,-,-,-,-,-,-,-,-,7,-,-,-,3,-,-,-
2017,관악구,신사동,25,1,-,-,-,-,10,1,-,-,-,-,-,-,-,-,-,-,-,9,-,-,-,6,-,-,-
2017,관악구,신림동,63,215,-,-,-,-,31,36,-,1,179,-,-,-,-,-,-,-,-,17,-,-,-,14,-,-,-
2017,관악구,난향동,13,-,-,-,-,-,5,-,-,-,-,-,-,-,-,-,-,-,-,5,-,-,-,3,-,-,-
2017,관악구,조원동,33,228,-,-,2,145,15,83,-,-,-,-,-,-,-,-,-,-,-,8,-,-,-,8,-,-,-
2017,관악구,대학동,25,-,-,-,-,-,11,-,-,-,-,-,-,-,-,-,-,1,-,10,-,-,-,3,-,-,-
2017,관악구,은천동,35,434,-,-,-,-,15,94,-,1,314,-,-,-,-,-,-,-,-,7,-,-,-,12,26,-,-
2017,관악구,성현동,23,25,-,-,-,-,10,25,-,-,-,-,-,-,-,-,-,-,-,7,-,-,-,6,-,-,-
2017,관악구,청룡동,53,333,-,-,2,101,24,33,-,1,199,-,-,-,-,-,-,-,-,16,-,-,-,10,-,-,-
2017,관악구,난곡동,31,24,-,-,-,-,15,24,-,-,-,-,-,-,-,-,-,-,-,9,-,-,-,7,-,-,-
2017,관악구,삼성동,16,29,-,-,-,-,6,29,-,-,-,-,-,-,-,-,-,-,-,4,-,-,-,6,-,-,-
2017,관악구,미성동,27,133,-,-,1,59,14,49,-,-,-,-,-,-,-,-,-,-,-,6,-,-,-,6,25,-,-
2017,서초구,소계,"1,229","3,543",1,"1,356",10,955,603,359,6,4,568,-,-,-,-,-,-,6,-,319,16,5,279,275,10,-,-
2017,서초구,서초1동,107,263,-,-,1,68,52,26,-,-,-,-,-,-,-,-,-,-,-,23,8,2,161,29,-,-,-
2017,서초구,서초2동,93,12,-,-,-,-,39,7,3,-,-,-,-,-,-,-,-,1,-,28,-,-,-,22,5,-,-
2017,서초구,서초3동,88,272,-,-,3,145,27,13,1,1,114,-,-,-,-,-,-,1,-,28,-,-,-,27,-,-,-
2017,서초구,서초4동,235,89,-,-,-,-,140,89,-,-,-,-,-,-,-,-,-,1,-,55,-,-,-,39,-,-,-
2017,서초구,잠원동,156,66,-,-,-,-,87,16,-,-,-,-,-,-,-,-,-,-,-,37,-,1,50,31,-,-,-
2017,서초구,반포본동,50,13,-,-,-,-,28,-,-,-,-,-,-,-,-,-,-,-,-,12,8,-,-,10,5,-,-
2017,서초구,반포1동,75,155,-,-,1,126,48,29,-,-,-,-,-,-,-,-,-,1,-,15,-,-,-,10,-,-,-
2017,서초구,반포2동,20,3,-,-,-,-,11,3,-,-,-,-,-,-,-,-,-,-,-,6,-,-,-,3,-,-,-
2017,서초구,반포3동,12,-,-,-,-,-,5,-,-,-,-,-,-,-,-,-,-,-,-,1,-,-,-,6,-,-,-
2017,서초구,반포4동,38,"1,457",1,"1,356",-,-,14,2,-,1,99,-,-,-,-,-,-,-,-,11,-,-,-,11,-,-,-
2017,서초구,방배본동,58,228,-,-,-,-,18,29,-,1,199,-,-,-,-,-,-,1,-,14,-,-,-,24,-,-,-
2017,서초구,방배1동,59,173,-,-,1,55,28,88,-,-,-,-,-,-,-,-,-,-,-,18,-,1,30,11,-,-,-
2017,서초구,방배2동,22,-,-,-,-,-,6,-,-,-,-,-,-,-,-,-,-,-,-,7,-,-,-,9,-,-,-
2017,서초구,방배3동,14,271,-,-,2,271,4,-,-,-,-,-,-,-,-,-,-,-,-,6,-,-,-,2,-,-,-
2017,서초구,방배4동,67,75,-,-,-,-,37,37,-,-,-,-,-,-,-,-,-,1,-,12,-,1,38,16,-,-,-
2017,서초구,양재1동,88,216,-,-,1,40,41,20,2,1,156,-,-,-,-,-,-,-,-,27,-,-,-,16,-,-,-
2017,서초구,양재2동,30,-,-,-,-,-,13,-,-,-,-,-,-,-,-,-,-,-,-,11,-,-,-,6,-,-,-
2017,서초구,내곡동,17,250,-,-,1,250,5,-,-,-,-,-,-,-,-,-,-,-,-,8,-,-,-,3,-,-,-
2017,강남구,소계,"2,559","8,082",4,"3,115",33,"2,067","1,543","1,516",4,6,796,-,-,-,-,-,-,16,13,573,52,8,507,372,16,-,-
2017,강남구,신사동,640,582,-,-,6,196,466,261,-,1,117,-,-,-,-,-,-,4,-,100,8,-,-,63,-,-,-
2017,강남구,논현1동,250,653,-,-,5,220,171,204,-,-,-,-,-,-,-,-,-,1,12,40,32,2,177,31,8,-,-
2017,강남구,논현2동,149,432,-,-,4,227,89,202,-,-,-,-,-,-,-,-,-,1,-,35,3,-,-,20,-,-,-
2017,강남구,삼성1동,92,389,-,-,3,112,46,45,-,1,181,-,-,-,-,-,-,2,1,28,-,1,50,11,-,-,-
2017,강남구,삼성2동,73,134,-,-,-,-,33,49,-,-,-,-,-,-,-,-,-,1,-,20,-,1,85,18,-,-,-
2017,강남구,대치1동,98,62,-,-,-,-,48,32,-,-,-,-,-,-,-,-,-,1,-,28,-,1,30,20,-,-,-
2017,강남구,대치4동,99,223,1,111,1,50,45,17,-,-,-,-,-,-,-,-,-,1,-,29,-,1,45,21,-,-,-
2017,강남구,역삼1동,403,645,1,200,4,159,245,275,-,-,-,-,-,-,-,-,-,2,-,102,5,-,-,49,6,-,-
2017,강남구,역삼2동,92,63,-,-,1,33,45,30,-,-,-,-,-,-,-,-,-,-,-,27,-,-,-,19,-,-,-
2017,강남구,도곡1동,86,"1,375",1,815,3,269,42,111,-,1,60,-,-,-,-,-,-,-,-,16,-,2,120,21,-,-,-
2017,강남구,도곡2동,45,27,-,-,-,-,22,27,3,-,-,-,-,-,-,-,-,-,-,15,-,-,-,5,-,-,-
2017,강남구,개포1동,8,131,-,-,-,-,3,-,-,2,131,-,-,-,-,-,-,-,-,2,-,-,-,1,-,-,-
2017,강남구,개포4동,33,34,-,-,-,-,16,34,-,-,-,-,-,-,-,-,-,-,-,9,-,-,-,8,-,-,-
2017,강남구,일원본동,19,"2,002",1,"1,989",-,-,5,13,-,-,-,-,-,-,-,-,-,-,-,9,-,-,-,4,-,-,-
2017,강남구,일원1동,22,-,-,-,-,-,10,-,-,-,-,-,-,-,-,-,-,-,-,6,-,-,-,6,-,-,-
2017,강남구,일원2동,24,-,-,-,-,-,12,-,-,-,-,-,-,-,-,-,-,-,-,7,-,-,-,5,-,-,-
2017,강남구,수서동,33,4,-,-,-,-,20,4,-,-,-,-,-,-,-,-,-,1,-,8,-,-,-,4,-,-,-
2017,강남구,세곡동,29,309,-,-,-,-,14,2,-,1,307,-,-,-,-,-,-,-,-,8,-,-,-,6,-,-,-
2017,강남구,압구정동,14,-,-,-,-,-,5,-,-,-,-,-,-,-,-,-,-,-,-,5,-,-,-,4,-,-,-
2017,강남구,청담동,235,769,-,-,4,642,163,123,-,-,-,-,-,-,-,-,-,1,-,40,4,-,-,27,-,-,-
2017,강남구,대치2동,89,246,-,-,2,159,36,87,1,-,-,-,-,-,-,-,-,1,-,30,-,-,-,19,-,-,-
2017,강남구,개포2동,26,2,-,-,-,-,7,-,-,-,-,-,-,-,-,-,-,-,-,9,-,-,-,10,2,-,-
2017,송파구,소계,"1,106","6,677",2,"3,175",16,"1,334",508,664,3,8,"1,158",1,213,-,-,-,-,3,-,315,-,3,111,247,22,-,-
2017,송파구,풍납1동,22,97,-,-,1,64,8,33,-,-,-,-,-,-,-,-,-,-,-,6,-,-,-,7,-,-,-
2017,송파구,풍납2동,22,"2,704",1,"2,704",-,-,7,-,-,-,-,-,-,-,-,-,-,-,-,7,-,-,-,7,-,-,-
2017,송파구,거여1동,23,138,-,-,-,-,9,-,-,1,138,-,-,-,-,-,-,-,-,8,-,-,-,5,-,-,-
2017,송파구,거여2동,32,203,-,-,1,180,20,23,1,-,-,-,-,-,-,-,-,-,-,6,-,-,-,4,-,-,-
2017,송파구,마천1동,32,269,-,-,-,-,15,-,-,2,269,-,-,-,-,-,-,-,-,6,-,-,-,9,-,-,-
2017,송파구,마천2동,21,55,-,-,-,-,12,55,-,-,-,-,-,-,-,-,-,-,-,6,-,-,-,3,-,-,-
2017,송파구,방이1동,70,102,-,-,-,-,30,98,-,-,-,-,-,-,-,-,-,-,-,19,-,-,-,21,4,-,-
2017,송파구,방이2동,40,177,-,-,-,-,23,27,-,1,99,-,-,-,-,-,-,-,-,12,-,1,51,3,-,-,-
2017,송파구,오륜동,3,-,-,-,-,-,-,-,-,-,-,-,-,-,-,-,-,-,-,3,-,-,-,-,-,-,-
2017,송파구,오금동,29,353,-,-,-,-,5,-,-,1,140,1,213,-,-,-,-,-,-,13,-,-,-,9,-,-,-
2017,송파구,송파1동,57,303,-,-,3,277,26,26,-,-,-,-,-,-,-,-,-,-,-,12,-,-,-,16,-,-,-
2017,송파구,송파2동,22,47,-,-,-,-,12,47,-,-,-,-,-,-,-,-,-,-,-,8,-,-,-,2,-,-,-
2017,송파구,석촌동,66,330,-,-,2,237,28,63,-,-,-,-,-,-,-,-,-,-,-,16,-,1,30,19,-,-,-
2017,송파구,삼전동,49,90,-,-,1,60,23,30,-,-,-,-,-,-,-,-,-,-,-,14,-,-,-,11,-,-,-
2017,송파구,가락본동,86,"1,363",1,471,4,304,29,58,-,3,512,-,-,-,-,-,-,-,-,25,-,-,-,24,18,-,-
2017,송파구,가락1동,6,59,-,-,1,59,1,-,-,-,-,-,-,-,-,-,-,-,-,2,-,-,-,2,-,-,-
2017,송파구,가락2동,37,23,-,-,-,-,20,23,-,-,-,-,-,-,-,-,-,-,-,15,-,-,-,2,-,-,-
2017,송파구,문정1동,80,107,-,-,-,-,39,77,-,-,-,-,-,-,-,-,-,-,-,24,-,1,30,16,-,-,-
2017,송파구,문정2동,31,61,-,-,1,37,15,24,1,-,-,-,-,-,-,-,-,1,-,8,-,-,-,5,-,-,-
2017,송파구,장지동,32,1,-,-,-,-,18,1,-,-,-,-,-,-,-,-,-,-,-,8,-,-,-,6,-,-,-
2017,송파구,위례동,1,-,-,-,-,-,-,-,-,-,-,-,-,-,-,-,-,-,-,1,-,-,-,-,-,-,-
2017,송파구,잠실본동,178,140,-,-,1,77,90,63,-,-,-,-,-,-,-,-,-,-,-,46,-,-,-,41,-,-,-
2017,송파구,잠실4동,62,52,-,-,1,39,30,13,-,-,-,-,-,-,-,-,-,1,-,18,-,-,-,12,-,-,-
2017,송파구,잠실6동,38,1,-,-,-,-,16,1,1,-,-,-,-,-,-,-,-,1,-,13,-,-,-,7,-,-,-
2017,송파구,잠실7동,6,-,-,-,-,-,1,-,-,-,-,-,-,-,-,-,-,-,-,4,-,-,-,1,-,-,-
2017,송파구,잠실2동,38,1,-,-,-,-,17,1,-,-,-,-,-,-,-,-,-,-,-,9,-,-,-,12,-,-,-
2017,송파구,잠실3동,23,1,-,-,-,-,14,1,-,-,-,-,-,-,-,-,-,-,-,6,-,-,-,3,-,-,-
2017,강동구,소계,761,"5,937",3,"2,250",14,913,344,693,1,6,"1,673",-,-,-,-,-,-,3,10,212,-,5,379,173,19,-,-
2017,강동구,강일동,17,24,-,-,-,-,8,24,-,-,-,-,-,-,-,-,-,-,-,7,-,-,-,2,-,-,-
2017,강동구,상일동,17,754,1,665,-,-,4,1,1,-,-,-,-,-,-,-,-,2,10,4,-,1,78,4,-,-,-
2017,강동구,명일1동,77,200,-,-,2,165,32,35,-,-,-,-,-,-,-,-,-,-,-,23,-,-,-,20,-,-,-
2017,강동구,명일2동,46,38,-,-,-,-,22,38,-,-,-,-,-,-,-,-,-,-,-,17,-,-,-,7,-,-,-
2017,강동구,고덕1동,13,-,-,-,-,-,6,-,-,-,-,-,-,-,-,-,-,-,-,4,-,-,-,3,-,-,-
2017,강동구,고덕2동,10,3,-,-,-,-,6,3,-,-,-,-,-,-,-,-,-,-,-,2,-,-,-,2,-,-,-
2017,강동구,암사2동,33,4,-,-,-,-,20,4,-,-,-,-,-,-,-,-,-,-,-,8,-,-,-,5,-,-,-
2017,강동구,암사3동,15,1,-,-,-,-,7,1,-,-,-,-,-,-,-,-,-,-,-,5,-,-,-,3,-,-,-
2017,강동구,천호1동,29,48,-,-,-,-,11,48,-,-,-,-,-,-,-,-,-,-,-,6,-,-,-,12,-,-,-
2017,강동구,천호3동,47,227,-,-,2,164,20,7,-,-,-,-,-,-,-,-,-,-,-,11,-,1,56,13,-,-,-
2017,강동구,성내1동,28,226,-,-,2,125,8,54,-,-,-,-,-,-,-,-,-,-,-,12,-,1,47,5,-,-,-
2017,강동구,성내2동,62,205,-,-,4,190,28,15,-,-,-,-,-,-,-,-,-,-,-,15,-,-,-,15,-,-,-
2017,강동구,성내3동,80,122,-,-,-,-,36,122,-,-,-,-,-,-,-,-,-,-,-,22,-,-,-,22,-,-,-
2017,강동구,둔촌1동,1,-,-,-,-,-,1,-,-,-,-,-,-,-,-,-,-,-,-,-,-,-,-,-,-,-,-
2017,강동구,둔촌2동,28,"1,413",1,965,-,-,9,49,-,1,399,-,-,-,-,-,-,-,-,9,-,-,-,8,-,-,-
2017,강동구,암사1동,37,221,-,-,-,-,11,58,-,1,163,-,-,-,-,-,-,-,-,11,-,-,-,14,-,-,-
2017,강동구,천호2동,118,"1,090",-,-,1,32,71,137,-,3,921,-,-,-,-,-,-,1,-,26,-,-,-,16,-,-,-
2017,강동구,길동,103,"1,361",1,620,3,237,44,97,-,1,190,-,-,-,-,-,-,-,-,30,-,2,198,22,19,-,-
